{
    "type": "StandardScaler",
    "mean": [
        148.46710985129693,
        0.0,
        1.5254774920699197,
        0.0,
        0.0,
        -1.3627847520753664,
        1.4776610207419882,
        -0.6631927289732993,
        1.6475053508374304,
        1.8966109905233035,
        -0.961873522264599,
        0.13836584103844682,
        0.10022271714922049,
        0.018109828800251963,
        9.138827023014105,
        184.49916762277564,
        24.649816652043825,
        53.08260781534724,
        23.002204674810464,
        6.900508539238443,
        -3.4318770091821755,
        2.1142805563438896,
        -5.811965325667314,
        0.5194761987125392,
        4.503205219202701,
        0.34083597669343774,
        0.554284493037277,
        0.5531709072911746
    ],
    "scale": [
        253.04999938822462,
        1.0,
        10.53080114498293,
        1.0,
        1.0,
        2.943611421816747,
        2.6326679063501404,
        3.1467232362360353,
        28.979329513828823,
        20.393061120519107,
        17.30919360736411,
        0.3452835574888704,
        0.3002967267827737,
        0.13334865166576496,
        33.30699448647938,
        125.7782001211945,
        68.24799172686221,
        139.138448272013,
        73.03407972351357,
        3.6171617126786835,
        4.5816977857840335,
        4.581012532173743,
        63.35294050824846,
        50.53434593390005,
        40.880707709056765,
        0.473990309695112,
        0.4970444585906636,
        0.4971648163515127
    ]
}