{
    "type": "StandardScaler",
    "mean": [
        135.64689968618114,
        301.86391392397235,
        339.65935968587195,
        0.0,
        0.0,
        -1.3141306606143892,
        1.8478233651920979,
        -0.1459755437871011,
        0.2894031280645325,
        2.4384462084595966,
        -0.9496215629355134,
        0.24218158207986148,
        0.1386059022678436,
        0.028135483172816795,
        666.1446658524897,
        780.9349019122853,
        947.153972204616,
        641.9218080912702,
        570.50588217107,
        7.335077682428414,
        -2.3580450481276514,
        1.42547003281984,
        -6.059258412068934,
        -1.1419193185041485,
        8.585473744802995,
        0.49128882155610865,
        0.5984973796898914,
        0.49974492556464206
    ],
    "scale": [
        322.2239149438203,
        422.69011294179205,
        473.2666386103981,
        1.0,
        1.0,
        3.092343231583249,
        2.9618769249178114,
        3.113317823453718,
        23.059873541488102,
        23.980168852879583,
        15.622187144489335,
        0.42840362204486176,
        0.34553481174023637,
        0.16535984324934802,
        178.5439838883121,
        361.64743725664874,
        140.2261073291795,
        197.4218815904285,
        380.47651259560104,
        3.2726463868568088,
        5.257414806756111,
        4.769974303959831,
        65.02590624924387,
        63.2258538640251,
        45.50782920513426,
        0.49992410961076755,
        0.4902022706946852,
        0.49999993493702816
    ]
}